{
"lengthUnit": "mil",
"components": {
	"fields": ["COMPONENT_NO", "COMPONENT_NAME", "LAYER", "X_COORDINATE", "Y_COORDINATE", "ANGLE"],
	"rows": [
		[1, "LCD1", "T", 1495, 1015, 0],
		[2, "SW1", "T", 1720, -85, 0],
		[3, "SW2", "T", 2425, -80, 0],
		[4, "SW3", "T", 3155, -85, 0],
		[5, "SW4", "T", 1710, -800, 0],
		[6, "SW5", "T", 2450, -800, 0],
		[7, "SW6", "T", 2450, -1545, 0],
		[8, "SW7", "T", 1715, -1545, 0],
		[9, "SW8", "T", 3160, -800, 0],
		[10, "SW9", "T", 3175, -1545, 0],
		[11, "SW10", "T", 1695, -2260, 0],
		[12, "SW11", "T", 3840, -90, 0],
		[13, "SW12", "T", 3875, -825, 0],
		[14, "SW13", "T", 2430, -2260, 0],
		[15, "SW14", "T", 3875, -1545, 0],
		[16, "SW15", "T", 3155, -2260, 0],
		[17, "SW16", "T", 3875, -2260, 0],
		[18, "U1", "T", 3805, 1285, 270]
	]
},
"pins": {
	"fields": ["PIN_NO", "PIN_NAME", "PIN_X", "PIN_Y", "LAYER", "PIN_TYPE", "NET_NAME", "NET_TYPE", "PAD_SHAPE", "PAD_SIZEX", "PAD_SIZEY", "HOLE_SIZE", "PAD_ANGLE"],
	"rows": [
		[1, "LCD1_1", 1495, 865, "T", "DIP", "GND", "GND", "R", 62.99, 62.99, 39.37, 0],
		[2, "LCD1_1", 1495, 865, "B", "DIP", "GND", "GND", "R", 62.99, 62.99, 39.37, 0],
		[3, "LCD1_2", 1495, 965, "T", "DIP", "$1N2018", "", "C", 62.99, 62.99, 39.37, 0],
		[4, "LCD1_2", 1495, 965, "B", "DIP", "$1N2018", "", "C", 62.99, 62.99, 39.37, 0],
		[5, "LCD1_3", 1495, 1065, "T", "DIP", "$1N1993", "", "C", 62.99, 62.99, 39.37, 0],
		[6, "LCD1_3", 1495, 1065, "B", "DIP", "$1N1993", "", "C", 62.99, 62.99, 39.37, 0],
		[7, "LCD1_4", 1495, 1165, "T", "DIP", "$1N2011", "", "C", 62.99, 62.99, 39.37, 0],
		[8, "LCD1_4", 1495, 1165, "B", "DIP", "$1N2011", "", "C", 62.99, 62.99, 39.37, 0],
		[9, "SW1_1", 1595, -135, "T", "DIP", "$1N1210", "", "C", 86.61, 86.61, 59.06, 0],
		[10, "SW1_1", 1595, -135, "B", "DIP", "$1N1210", "", "C", 86.61, 86.61, 59.06, 0],
		[11, "SW1_2", 1845, -35, "T", "DIP", "GND", "GND", "C", 86.61, 86.61, 59.06, 0],
		[12, "SW1_2", 1845, -35, "B", "DIP", "GND", "GND", "C", 86.61, 86.61, 59.06, 0],
		[13, "SW2_1", 2300, -130, "T", "DIP", "$1N1226", "", "C", 86.61, 86.61, 59.06, 0],
		[14, "SW2_1", 2300, -130, "B", "DIP", "$1N1226", "", "C", 86.61, 86.61, 59.06, 0],
		[15, "SW2_2", 2550, -30, "T", "DIP", "GND", "GND", "C", 86.61, 86.61, 59.06, 0],
		[16, "SW2_2", 2550, -30, "B", "DIP", "GND", "GND", "C", 86.61, 86.61, 59.06, 0],
		[17, "SW3_1", 3030, -135, "T", "DIP", "$1N1232", "", "C", 86.61, 86.61, 59.06, 0],
		[18, "SW3_1", 3030, -135, "B", "DIP", "$1N1232", "", "C", 86.61, 86.61, 59.06, 0],
		[19, "SW3_2", 3280, -35, "T", "DIP", "GND", "GND", "C", 86.61, 86.61, 59.06, 0],
		[20, "SW3_2", 3280, -35, "B", "DIP", "GND", "GND", "C", 86.61, 86.61, 59.06, 0],
		[21, "SW4_1", 1585, -850, "T", "DIP", "$1N1238", "", "C", 86.61, 86.61, 59.06, 0],
		[22, "SW4_1", 1585, -850, "B", "DIP", "$1N1238", "", "C", 86.61, 86.61, 59.06, 0],
		[23, "SW4_2", 1835, -750, "T", "DIP", "GND", "GND", "C", 86.61, 86.61, 59.06, 0],
		[24, "SW4_2", 1835, -750, "B", "DIP", "GND", "GND", "C", 86.61, 86.61, 59.06, 0],
		[25, "SW5_1", 2325, -850, "T", "DIP", "$1N1245", "", "C", 86.61, 86.61, 59.06, 0],
		[26, "SW5_1", 2325, -850, "B", "DIP", "$1N1245", "", "C", 86.61, 86.61, 59.06, 0],
		[27, "SW5_2", 2575, -750, "T", "DIP", "GND", "GND", "C", 86.61, 86.61, 59.06, 0],
		[28, "SW5_2", 2575, -750, "B", "DIP", "GND", "GND", "C", 86.61, 86.61, 59.06, 0],
		[29, "SW6_1", 2325, -1595, "T", "DIP", "$1N1252", "", "C", 86.61, 86.61, 59.06, 0],
		[30, "SW6_1", 2325, -1595, "B", "DIP", "$1N1252", "", "C", 86.61, 86.61, 59.06, 0],
		[31, "SW6_2", 2575, -1495, "T", "DIP", "GND", "GND", "C", 86.61, 86.61, 59.06, 0],
		[32, "SW6_2", 2575, -1495, "B", "DIP", "GND", "GND", "C", 86.61, 86.61, 59.06, 0],
		[33, "SW7_1", 1590, -1595, "T", "DIP", "$1N1260", "", "C", 86.61, 86.61, 59.06, 0],
		[34, "SW7_1", 1590, -1595, "B", "DIP", "$1N1260", "", "C", 86.61, 86.61, 59.06, 0],
		[35, "SW7_2", 1840, -1495, "T", "DIP", "GND", "GND", "C", 86.61, 86.61, 59.06, 0],
		[36, "SW7_2", 1840, -1495, "B", "DIP", "GND", "GND", "C", 86.61, 86.61, 59.06, 0],
		[37, "SW8_1", 3035, -850, "T", "DIP", "$1N1267", "", "C", 86.61, 86.61, 59.06, 0],
		[38, "SW8_1", 3035, -850, "B", "DIP", "$1N1267", "", "C", 86.61, 86.61, 59.06, 0],
		[39, "SW8_2", 3285, -750, "T", "DIP", "GND", "GND", "C", 86.61, 86.61, 59.06, 0],
		[40, "SW8_2", 3285, -750, "B", "DIP", "GND", "GND", "C", 86.61, 86.61, 59.06, 0],
		[41, "SW9_1", 3050, -1595, "T", "DIP", "$1N1276", "", "C", 86.61, 86.61, 59.06, 0],
		[42, "SW9_1", 3050, -1595, "B", "DIP", "$1N1276", "", "C", 86.61, 86.61, 59.06, 0],
		[43, "SW9_2", 3300, -1495, "T", "DIP", "GND", "GND", "C", 86.61, 86.61, 59.06, 0],
		[44, "SW9_2", 3300, -1495, "B", "DIP", "GND", "GND", "C", 86.61, 86.61, 59.06, 0],
		[45, "SW10_1", 1570, -2310, "T", "DIP", "$1N1286", "", "C", 86.61, 86.61, 59.06, 0],
		[46, "SW10_1", 1570, -2310, "B", "DIP", "$1N1286", "", "C", 86.61, 86.61, 59.06, 0],
		[47, "SW10_2", 1820, -2210, "T", "DIP", "GND", "GND", "C", 86.61, 86.61, 59.06, 0],
		[48, "SW10_2", 1820, -2210, "B", "DIP", "GND", "GND", "C", 86.61, 86.61, 59.06, 0],
		[49, "SW11_1", 3715, -140, "T", "DIP", "$1N1292", "", "C", 86.61, 86.61, 59.06, 0],
		[50, "SW11_1", 3715, -140, "B", "DIP", "$1N1292", "", "C", 86.61, 86.61, 59.06, 0],
		[51, "SW11_2", 3965, -40, "T", "DIP", "GND", "GND", "C", 86.61, 86.61, 59.06, 0],
		[52, "SW11_2", 3965, -40, "B", "DIP", "GND", "GND", "C", 86.61, 86.61, 59.06, 0],
		[53, "SW12_1", 3750, -875, "T", "DIP", "$1N1299", "", "C", 86.61, 86.61, 59.06, 0],
		[54, "SW12_1", 3750, -875, "B", "DIP", "$1N1299", "", "C", 86.61, 86.61, 59.06, 0],
		[55, "SW12_2", 4000, -775, "T", "DIP", "GND", "GND", "C", 86.61, 86.61, 59.06, 0],
		[56, "SW12_2", 4000, -775, "B", "DIP", "GND", "GND", "C", 86.61, 86.61, 59.06, 0],
		[57, "SW13_1", 2305, -2310, "T", "DIP", "$1N2134", "", "C", 86.61, 86.61, 59.06, 0],
		[58, "SW13_1", 2305, -2310, "B", "DIP", "$1N2134", "", "C", 86.61, 86.61, 59.06, 0],
		[59, "SW13_2", 2555, -2210, "T", "DIP", "GND", "GND", "C", 86.61, 86.61, 59.06, 0],
		[60, "SW13_2", 2555, -2210, "B", "DIP", "GND", "GND", "C", 86.61, 86.61, 59.06, 0],
		[61, "SW14_1", 3750, -1595, "T", "DIP", "$1N2132", "", "C", 86.61, 86.61, 59.06, 0],
		[62, "SW14_1", 3750, -1595, "B", "DIP", "$1N2132", "", "C", 86.61, 86.61, 59.06, 0],
		[63, "SW14_2", 4000, -1495, "T", "DIP", "GND", "GND", "C", 86.61, 86.61, 59.06, 0],
		[64, "SW14_2", 4000, -1495, "B", "DIP", "GND", "GND", "C", 86.61, 86.61, 59.06, 0],
		[65, "SW15_1", 3030, -2310, "T", "DIP", "$1N2846", "", "C", 86.61, 86.61, 59.06, 0],
		[66, "SW15_1", 3030, -2310, "B", "DIP", "$1N2846", "", "C", 86.61, 86.61, 59.06, 0],
		[67, "SW15_2", 3280, -2210, "T", "DIP", "GND", "GND", "C", 86.61, 86.61, 59.06, 0],
		[68, "SW15_2", 3280, -2210, "B", "DIP", "GND", "GND", "C", 86.61, 86.61, 59.06, 0],
		[69, "SW16_1", 3750, -2310, "T", "DIP", "$1N2839", "", "C", 86.61, 86.61, 59.06, 0],
		[70, "SW16_1", 3750, -2310, "B", "DIP", "$1N2839", "", "C", 86.61, 86.61, 59.06, 0],
		[71, "SW16_2", 4000, -2210, "T", "DIP", "GND", "GND", "C", 86.61, 86.61, 59.06, 0],
		[72, "SW16_2", 4000, -2210, "B", "DIP", "GND", "GND", "C", 86.61, 86.61, 59.06, 0],
		[73, "U1_1", 4226.45, 950.35, "T", "SMD", "$1N1210", "", "R", 78.74, 47.24, 0, 270],
		[74, "U1_2", 4126.45, 950.35, "T", "SMD", "$1N1226", "", "R", 78.74, 47.24, 0, 270],
		[75, "U1_3", 4026.45, 950.35, "T", "SMD", "$1N1232", "", "R", 78.74, 47.24, 0, 270],
		[76, "U1_4", 3926.45, 950.36, "T", "SMD", "$1N1238", "", "R", 78.74, 47.24, 0, 270],
		[77, "U1_5", 3826.45, 950.36, "T", "SMD", "$1N1245", "", "R", 78.74, 47.24, 0, 270],
		[78, "U1_6", 3726.45, 950.36, "T", "SMD", "$1N1252", "", "R", 78.74, 47.24, 0, 270],
		[79, "U1_7", 3626.45, 950.36, "T", "SMD", "$1N1260", "", "R", 78.74, 47.24, 0, 270],
		[80, "U1_8", 3526.45, 950.36, "T", "SMD", "$1N1267", "", "R", 78.74, 47.24, 0, 270],
		[81, "U1_9", 3426.45, 950.36, "T", "SMD", "$1N1276", "", "R", 78.74, 47.24, 0, 270],
		[82, "U1_10", 3383.54, 1085.01, "T", "SMD", "$1N1286", "", "R", 47.24, 78.74, 0, 270],
		[83, "U1_11", 3383.55, 1185.01, "T", "SMD", "$1N1292", "", "R", 47.24, 78.74, 0, 270],
		[84, "U1_12", 3383.55, 1285.01, "T", "SMD", "$1N1299", "", "R", 47.24, 78.74, 0, 270],
		[85, "U1_13", 3383.55, 1385.01, "T", "SMD", "$1N2134", "", "R", 47.24, 78.74, 0, 270],
		[86, "U1_14", 3383.55, 1485.01, "T", "SMD", "$1N2132", "", "R", 47.24, 78.74, 0, 270],
		[87, "U1_15", 3426.46, 1619.65, "T", "SMD", "$1N2839", "", "R", 78.74, 47.24, 0, 270],
		[88, "U1_16", 3526.46, 1619.65, "T", "SMD", "$1N2846", "", "R", 78.74, 47.24, 0, 270],
		[89, "U1_17", 3626.46, 1619.64, "T", "SMD", "$1N1993", "", "R", 78.74, 47.24, 0, 270],
		[90, "U1_18", 3726.46, 1619.64, "T", "SMD", "$1N2011", "", "R", 78.74, 47.24, 0, 270],
		[91, "U1_19", 3826.46, 1619.64, "T", "SMD", "U1_19", "", "R", 78.74, 47.24, 0, 270],
		[92, "U1_20", 3926.46, 1619.64, "T", "SMD", "U1_20", "", "R", 78.74, 47.24, 0, 270],
		[93, "U1_21", 4026.46, 1619.64, "T", "SMD", "$1N2018", "", "R", 78.74, 47.24, 0, 270],
		[94, "U1_22", 4126.45, 1619.64, "T", "SMD", "GND", "GND", "R", 78.74, 47.24, 0, 270],
		[95, "U1_23", 4226.45, 1619.64, "T", "SMD", "+5V", "", "R", 78.74, 47.24, 0, 270]
	]
}
}